SET SQL_MODE = "NO_AUTO_VALUE_ON_ZERO";
START TRANSACTION;
SET time_zone = "+00:00";
CREATE TABLE `articles` (
                            `id` int(11) NOT NULL,
                            `created_at` date NOT NULL,
                            `title` varchar(250) NOT NULL,
                            `content` text NOT NULL,
                            `author_id` int(11) NOT NULL,
                            `article_image_path` varchar(250) NOT NULL
) ENGINE=InnoDB DEFAULT CHARSET=utf8mb4 COLLATE=utf8mb4_general_ci;

INSERT INTO `articles` (`id`, `created_at`, `title`, `content`, `author_id`, `article_image_path`) VALUES
    (1, '2023-08-09', 'Artykuł 1', 'Lorem Ipsum is simply dummy text of the printing and typesetting industry. Lorem Ipsum has been the industry\'s standard dummy text ever since the 1500s, when an unknown printer took a galley of type and scrambled it to make a type specimen book. It has survived not only five centuries, but also the leap into electronic typesetting, remaining essentially unchanged. It was popularised in the 1960s with the release of Letraset sheets containing Lorem Ipsum passages, and more recently with desktop publishing software like Aldus PageMaker including versions of Lorem Ipsum.', 1, '1.webp'),
(2, '2023-08-06', 'Artykuł 2', 'It is a long established fact that a reader will be distracted by the readable content of a page when looking at its layout. The point of using Lorem Ipsum is that it has a more-or-less normal distribution of letters, as opposed to using \'Content here, content here\', making it look like readable English. Many desktop publishing packages and web page editors now use Lorem Ipsum as their default model text, and a search for \'lorem ipsum\' will uncover many web sites still in their infancy. Various versions have evolved over the years, sometimes by accident, sometimes on purpose (injected humour and the like).', 2, '2.webp'),
(3, '2023-08-01', 'Artykuł 3', 'Contrary to popular belief, Lorem Ipsum is not simply random text. It has roots in a piece of classical Latin literature from 45 BC, making it over 2000 years old. Richard McClintock, a Latin professor at Hampden-Sydney College in Virginia, looked up one of the more obscure Latin words, consectetur, from a Lorem Ipsum passage, and going through the cites of the word in classical literature, discovered the undoubtable source. Lorem Ipsum comes from sections 1.10.32 and 1.10.33 of \"de Finibus Bonorum et Malorum\" (The Extremes of Good and Evil) by Cicero, written in 45 BC. This book is a treatise on the theory of ethics, very popular during the Renaissance. The first line of Lorem Ipsum, \"Lorem ipsum dolor sit amet..\", comes from a line in section 1.10.32.\r\n\r\nThe standard chunk of Lorem Ipsum used since the 1500s is reproduced below for those interested. Sections 1.10.32 and 1.10.33 from \"de Finibus Bonorum et Malorum\" by Cicero are also reproduced in their exact original form, accompanied by English versions from the 1914 translation by H. Rackham.', 3, '3.webp'),
(4, '2023-08-07', 'Artykuł 4', 'There are many variations of passages of Lorem Ipsum available, but the majority have suffered alteration in some form, by injected humour, or randomised words which don\'t look even slightly believable. If you are going to use a passage of Lorem Ipsum, you need to be sure there isn\'t anything embarrassing hidden in the middle of text. All the Lorem Ipsum generators on the Internet tend to repeat predefined chunks as necessary, making this the first true generator on the Internet. It uses a dictionary of over 200 Latin words, combined with a handful of model sentence structures, to generate Lorem Ipsum which looks reasonable. The generated Lorem Ipsum is therefore always free from repetition, injected humour, or non-characteristic words etc.', 4, '4.webp'),
     (5, '2023-08-01', 'Artykuł 5', 'Lorem Ipsum is simply dummy text of the printing and typesetting industry. Lorem Ipsum has been the industry\'s standard dummy text ever since the 1500s, when an unknown printer took a galley of type and scrambled it to make a type specimen book. It has survived not only five centuries, but also the leap into electronic typesetting, remaining essentially unchanged. It was popularised in the 1960s with the release of Letraset sheets containing Lorem Ipsum passages, and more recently with desktop publishing software like Aldus PageMaker including versions of Lorem Ipsum.', 5, '5.webp'),
(6, '2023-08-02', 'Artykuł 6', 'It is a long established fact that a reader will be distracted by the readable content of a page when looking at its layout. The point of using Lorem Ipsum is that it has a more-or-less normal distribution of letters, as opposed to using \'Content here, content here\', making it look like readable English. Many desktop publishing packages and web page editors now use Lorem Ipsum as their default model text, and a search for \'lorem ipsum\' will uncover many web sites still in their infancy. Various versions have evolved over the years, sometimes by accident, sometimes on purpose (injected humour and the like).', 6, '6.webp'),
(7, '2023-08-03', 'Artykuł 7', 'Contrary to popular belief, Lorem Ipsum is not simply random text. It has roots in a piece of classical Latin literature from 45 BC, making it over 2000 years old. Richard McClintock, a Latin professor at Hampden-Sydney College in Virginia, looked up one of the more obscure Latin words, consectetur, from a Lorem Ipsum passage, and going through the cites of the word in classical literature, discovered the undoubtable source. Lorem Ipsum comes from sections 1.10.32 and 1.10.33 of \"de Finibus Bonorum et Malorum\" (The Extremes of Good and Evil) by Cicero, written in 45 BC. This book is a treatise on the theory of ethics, very popular during the Renaissance. The first line of Lorem Ipsum, \"Lorem ipsum dolor sit amet..\", comes from a line in section 1.10.32.', 7, '7.webp'),
(8, '2023-08-04', 'Artykuł 8', 'There are many variations of passages of Lorem Ipsum available, but the majority have suffered alteration in some form, by injected humour, or randomised words which don\'t look even slightly believable. If you are going to use a passage of Lorem Ipsum, you need to be sure there isn\'t anything embarrassing hidden in the middle of text. All the Lorem Ipsum generators on the Internet tend to repeat predefined chunks as necessary, making this the first true generator on the Internet. It uses a dictionary of over 200 Latin words, combined with a handful of model sentence structures, to generate Lorem Ipsum which looks reasonable. The generated Lorem Ipsum is therefore always free from repetition, injected humour, or non-characteristic words etc.', 8, '8.webp'),
      (9, '2023-08-05', 'Artykuł 9', 'Lorem Ipsum is simply dummy text of the printing and typesetting industry. Lorem Ipsum has been the industry\'s standard dummy text ever since the 1500s, when an unknown printer took a galley of type and scrambled it to make a type specimen book. It has survived not only five centuries, but also the leap into electronic typesetting, remaining essentially unchanged. It was popularised in the 1960s with the release of Letraset sheets containing Lorem Ipsum passages, and more recently with desktop publishing software like Aldus PageMaker including versions of Lorem Ipsum.', 9, '9.webp'),
(10, '2023-08-06', 'Artykuł 10', 'It is a long established fact that a reader will be distracted by the readable content of a page when looking at its layout. The point of using Lorem Ipsum is that it has a more-or-less normal distribution of letters, as opposed to using \'Content here, content here\', making it look like readable English. Many desktop publishing packages and web page editors now use Lorem Ipsum as their default model text, and a search for \'lorem ipsum\' will uncover many web sites still in their infancy. Various versions have evolved over the years, sometimes by accident, sometimes on purpose (injected humour and the like).', 10, '10.webp'),
(11, '2023-08-06', 'Artykuł 11', 'It is a long established fact that a reader will be distracted by the readable content of a page when looking at its layout. The point of using Lorem Ipsum is that it has a more-or-less normal distribution of letters, as opposed to using \'Content here, content here\', making it look like readable English. Many desktop publishing packages and web page editors now use Lorem Ipsum as their default model text, and a search for \'lorem ipsum\' will uncover many web sites still in their infancy. Various versions have evolved over the years, sometimes by accident, sometimes on purpose (injected humour and the like).', 7, '10.webp');

CREATE TABLE `authors` (
  `id` int(11) NOT NULL,
  `name` varchar(250) NOT NULL,
  `description` text NOT NULL,
  `author_image_path` varchar(250) NOT NULL
) ENGINE=InnoDB DEFAULT CHARSET=utf8mb4 COLLATE=utf8mb4_general_ci;

INSERT INTO `authors` (`id`, `name`, `description`, `author_image_path`) VALUES
(1, 'Autor 1', 'Lorem Ipsum is simply dummy text of the printing and typesetting industry. Lorem Ipsum has been the industry\'s standard dummy text ever since the 1500s, when an unknown printer took a galley of type and scrambled it to make a type specimen book. It has survived not only five centuries, but also the leap into electronic typesetting, remaining essentially unchanged. It was popularised in the 1960s with the release of Letraset sheets containing Lorem Ipsum passages, and more recently with desktop publishing software like Aldus PageMaker including versions of Lorem Ipsum.', '1.webp'),
      (2, 'Autor 2', 'Lorem Ipsum is simply dummy text of the printing and typesetting industry. Lorem Ipsum has been the industry\'s standard dummy text ever since the 1500s, when an unknown printer took a galley of type and scrambled it to make a type specimen book. It has survived not only five centuries, but also the leap into electronic typesetting, remaining essentially unchanged. It was popularised in the 1960s with the release of Letraset sheets containing Lorem Ipsum passages, and more recently with desktop publishing software like Aldus PageMaker including versions of Lorem Ipsum.', '2.webp'),
(3, 'Autor 3', 'Lorem Ipsum is simply dummy text of the printing and typesetting industry. Lorem Ipsum has been the industry\'s standard dummy text ever since the 1500s, when an unknown printer took a galley of type and scrambled it to make a type specimen book. It has survived not only five centuries, but also the leap into electronic typesetting, remaining essentially unchanged. It was popularised in the 1960s with the release of Letraset sheets containing Lorem Ipsum passages, and more recently with desktop publishing software like Aldus PageMaker including versions of Lorem Ipsum.', '3.webp'),
      (4, 'Autor 4', 'Lorem Ipsum is simply dummy text of the printing and typesetting industry. Lorem Ipsum has been the industry\'s standard dummy text ever since the 1500s, when an unknown printer took a galley of type and scrambled it to make a type specimen book. It has survived not only five centuries, but also the leap into electronic typesetting, remaining essentially unchanged. It was popularised in the 1960s with the release of Letraset sheets containing Lorem Ipsum passages, and more recently with desktop publishing software like Aldus PageMaker including versions of Lorem Ipsum.', '4.webp'),
(5, 'Autor 5', 'Lorem Ipsum is simply dummy text of the printing and typesetting industry. Lorem Ipsum has been the industry\'s standard dummy text ever since the 1500s, when an unknown printer took a galley of type and scrambled it to make a type specimen book. It has survived not only five centuries, but also the leap into electronic typesetting, remaining essentially unchanged. It was popularised in the 1960s with the release of Letraset sheets containing Lorem Ipsum passages, and more recently with desktop publishing software like Aldus PageMaker including versions of Lorem Ipsum.', '5.webp'),
      (6, 'Autor 6', 'Lorem Ipsum is simply dummy text of the printing and typesetting industry. Lorem Ipsum has been the industry\'s standard dummy text ever since the 1500s, when an unknown printer took a galley of type and scrambled it to make a type specimen book. It has survived not only five centuries, but also the leap into electronic typesetting, remaining essentially unchanged. It was popularised in the 1960s with the release of Letraset sheets containing Lorem Ipsum passages, and more recently with desktop publishing software like Aldus PageMaker including versions of Lorem Ipsum.', '6.webp'),
(7, 'Autor 7', 'Lorem Ipsum is simply dummy text of the printing and typesetting industry. Lorem Ipsum has been the industry\'s standard dummy text ever since the 1500s, when an unknown printer took a galley of type and scrambled it to make a type specimen book. It has survived not only five centuries, but also the leap into electronic typesetting, remaining essentially unchanged. It was popularised in the 1960s with the release of Letraset sheets containing Lorem Ipsum passages, and more recently with desktop publishing software like Aldus PageMaker including versions of Lorem Ipsum.', '7.webp'),
      (8, 'Autor 8', 'Lorem Ipsum is simply dummy text of the printing and typesetting industry. Lorem Ipsum has been the industry\'s standard dummy text ever since the 1500s, when an unknown printer took a galley of type and scrambled it to make a type specimen book. It has survived not only five centuries, but also the leap into electronic typesetting, remaining essentially unchanged. It was popularised in the 1960s with the release of Letraset sheets containing Lorem Ipsum passages, and more recently with desktop publishing software like Aldus PageMaker including versions of Lorem Ipsum.', '8.webp'),
(9, 'Autor 9', 'Lorem Ipsum is simply dummy text of the printing and typesetting industry. Lorem Ipsum has been the industry\'s standard dummy text ever since the 1500s, when an unknown printer took a galley of type and scrambled it to make a type specimen book. It has survived not only five centuries, but also the leap into electronic typesetting, remaining essentially unchanged. It was popularised in the 1960s with the release of Letraset sheets containing Lorem Ipsum passages, and more recently with desktop publishing software like Aldus PageMaker including versions of Lorem Ipsum.', '9.webp'),
      (10, 'Autor 10', 'Lorem Ipsum is simply dummy text of the printing and typesetting industry. Lorem Ipsum has been the industry\'s standard dummy text ever since the 1500s, when an unknown printer took a galley of type and scrambled it to make a type specimen book. It has survived not only five centuries, but also the leap into electronic typesetting, remaining essentially unchanged. It was popularised in the 1960s with the release of Letraset sheets containing Lorem Ipsum passages, and more recently with desktop publishing software like Aldus PageMaker including versions of Lorem Ipsum.', '10.webp'),
(11, 'Autor 11', 'Opis 11', '1.webp'),
(12, 'Autor 12', 'Opis 12', '2.webp');

CREATE TABLE `comments` (
  `id` int(11) NOT NULL,
  `author` varchar(250) NOT NULL,
  `content` text NOT NULL,
  `created_at` datetime NOT NULL,
  `article_id` int(11) NOT NULL,
  `ip_address` varchar(250) NOT NULL
) ENGINE=InnoDB DEFAULT CHARSET=utf8mb4 COLLATE=utf8mb4_general_ci;

INSERT INTO `comments` (`id`, `author`, `content`, `created_at`, `article_id`, `ip_address`) VALUES
(1, 'Przykładowy autor', 'Przykładowy komentarz', '0000-00-00 00:00:00', 5, ''),
(2, 'Przykładowy autor', 'Przykładowy komentarz', '0000-00-00 00:00:00', 5, ''),
(3, 'Przykładowy autor', 'Przykładowy komentarz', '0000-00-00 00:00:00', 5, ''),
(4, 'wefwfew', 'wefwe', '2023-09-15 16:54:41', 2, '::1'),
(5, 'edwdwe', 'wqdw', '2023-09-15 16:54:45', 2, '::1'),
(7, 'test', 'test', '2023-09-15 17:03:27', 1, '::1'),
(11, '', '  &lt;script&gt;\r\n    alert( &#039;Hello, world!&#039; );\r\n  &lt;/script&gt;', '2023-09-15 17:06:58', 4, '::1'),
(12, '  &lt;script&gt;     alert( &#039;Hello, world!&#039; );   &lt;/script&gt;', '', '2023-09-15 17:07:02', 4, '::1'),
(13, 'tr', 'tt', '2023-09-15 17:13:24', 5, '::1'),
(14, 'jj', '  &lt;script&gt;\r\n    alert( &#039;Hello, world!&#039; );\r\n  &lt;/script&gt;', '2023-09-15 17:13:50', 5, '::1'),
(15, 'autor', '&lt;h1&gt;DUPA 123&lt;/h1&lt;', '2023-09-17 15:33:09', 5, '::1'),
(16, 'autor', '&lt;h1&gt;DUPA&lt;/h1&gt;', '2023-09-17 15:33:39', 5, '::1'),
(17, 'autor', '&lt;h1&gt;DUPA&lt;/h1&gt;', '2023-09-17 15:33:47', 5, '::1'),
(18, 'ef', 'dest', '2023-09-18 14:12:00', 1, '::1'),
(19, 'gddrg', 'sgrsg', '2023-09-18 14:12:18', 1, '::1'),
(20, 'effa', 'aefaefea', '2023-09-18 14:12:41', 1, '::1'),
(21, 'ee', 'ee', '2023-09-18 14:14:09', 3, '::1'),
(22, '', '', '2023-09-18 14:15:59', 3, '::1'),
(23, '', '', '2023-09-18 14:16:22', 4, '::1'),
(24, 'addwfd', 'eafefa', '2023-09-18 14:24:23', 1, '::1'),
(25, 'losowy', 'losowy', '2023-09-18 14:24:30', 1, '::1'),
(26, 'test', 'test1', '2023-09-18 14:27:34', 1, '::1'),
(27, 'autor 19.09', 'test 19.09', '2023-09-19 11:58:00', 1, '::1'),
(28, 'nowy', 'awdawdwa', '2023-09-19 12:15:09', 2, '::1'),
(29, 'efsef', 'efsfsef', '2023-09-19 12:17:00', 3, '::1'),
(30, 'eafeafae', 'efsfeasf', '2023-09-19 03:17:29', 4, '::1'),
(31, 'esfsefse', 'weafwef', '2023-09-19 12:18:22', 4, '::1'),
(32, 'aefafea', 'eaefaf', '2023-09-19 13:10:52', 3, '::1'),
(33, 'srgsr', 'eess', '2023-09-19 13:44:46', 7, '::1');

CREATE TABLE `reviews` (
  `id` int(11) NOT NULL,
  `article_id` int(11) NOT NULL,
  `like` tinyint(1) NOT NULL,
  `dislike` tinyint(1) NOT NULL,
  `created_at` datetime NOT NULL,
  `ip_address` varchar(250) NOT NULL
) ENGINE=InnoDB DEFAULT CHARSET=utf8mb4 COLLATE=utf8mb4_general_ci;

INSERT INTO `reviews` (`id`, `article_id`, `like`, `dislike`, `created_at`, `ip_address`) VALUES
(35, 2, 0, 1, '2023-09-01 21:39:07', '::1'),
(36, 4, 1, 0, '2023-09-01 21:42:27', '::1'),
(37, 2, 1, 0, '2023-09-01 22:21:28', '::1'),
(38, 1, 1, 0, '2023-09-01 22:21:33', '::1'),
(39, 1, 0, 1, '2023-09-01 22:22:13', '::1'),
(40, 2, 0, 1, '2023-09-01 22:23:02', '::1'),
(41, 4, 0, 1, '2023-09-01 22:23:08', '::1'),
(42, 4, 1, 0, '2023-09-01 22:30:34', '::1'),
(43, 8, 1, 0, '2023-09-01 22:32:03', '::1'),
(44, 11, 1, 0, '2023-09-01 23:18:01', '::1'),
(45, 4, 1, 0, '2023-09-01 23:36:13', '::1'),
(46, 1, 1, 0, '2023-09-01 23:36:23', '::1'),
(47, 1, 0, 1, '2023-09-01 23:36:30', '::1'),
(48, 1, 1, 0, '2023-09-01 23:38:00', '::1'),
(49, 4, 1, 0, '2023-09-01 23:43:27', '::1'),
(50, 5, 0, 1, '2023-09-02 01:05:50', '::1'),
(51, 11, 0, 1, '2023-09-02 02:11:29', '::1'),
(52, 4, 1, 0, '2023-09-05 13:28:04', '::1'),
(53, 4, 1, 0, '2023-09-05 13:29:20', '::1'),
(54, 4, 0, 1, '2023-09-05 13:31:00', '::1'),
(55, 4, 0, 1, '2023-09-05 13:35:26', '::1'),
(56, 5, 1, 0, '2023-09-05 13:35:39', '::1'),
(57, 5, 1, 0, '2023-09-05 13:35:51', '::1'),
(58, 5, 1, 0, '2023-09-05 13:36:12', '::1'),
(59, 5, 1, 0, '2023-09-05 13:36:51', '::1'),
(60, 5, 1, 0, '2023-09-05 13:37:23', '::1'),
(61, 5, 1, 0, '2023-09-05 13:37:39', '::1'),
(62, 5, 1, 0, '2023-09-05 13:37:52', '::1'),
(63, 5, 1, 0, '2023-09-05 13:44:00', '::1'),
(64, 5, 1, 0, '2023-09-05 13:44:11', '::1'),
(65, 5, 1, 0, '2023-09-05 13:44:48', '::1'),
(66, 5, 0, 1, '2023-09-05 13:44:51', '::1'),
(67, 5, 1, 0, '2023-09-05 13:52:03', '::1'),
(68, 5, 1, 0, '2023-09-05 13:52:09', '::1'),
(69, 5, 1, 0, '2023-09-05 13:52:58', '::1'),
(70, 5, 1, 0, '2023-09-05 13:53:00', '::1'),
(71, 5, 1, 0, '2023-09-05 13:55:08', '::1'),
(72, 5, 0, 1, '2023-09-05 13:55:10', '::1'),
(73, 4, 1, 0, '2023-09-05 13:58:42', '::1'),
(74, 4, 0, 1, '2023-09-05 13:58:44', '::1'),
(75, 4, 1, 0, '2023-09-05 14:00:32', '::1'),
(76, 4, 0, 1, '2023-09-05 14:00:34', '::1'),
(77, 1, 0, 1, '2023-09-05 14:47:00', '::1'),
(78, 2, 0, 1, '2023-09-05 14:47:03', '::1'),
(79, 1, 1, 0, '2023-09-05 15:50:30', '::1'),
(80, 1, 0, 1, '2023-09-05 15:50:36', '::1'),
(81, 1, 1, 0, '2023-09-05 15:50:44', '::1'),
(82, 1, 1, 0, '2023-09-05 15:51:28', '::1'),
(83, 1, 1, 0, '2023-09-05 15:51:39', '::1'),
(84, 10, 1, 0, '2023-09-05 16:02:13', '::1'),
(85, 10, 1, 0, '2023-09-05 16:03:35', '::1'),
(86, 10, 1, 0, '2023-09-05 16:03:41', '::1'),
(87, 10, 0, 1, '2023-09-05 16:03:43', '::1'),
(88, 10, 1, 0, '2023-09-05 16:04:54', '::1'),
(89, 10, 1, 0, '2023-09-05 16:05:14', '::1'),
(90, 10, 0, 1, '2023-09-05 16:05:18', '::1'),
(91, 10, 1, 0, '2023-09-05 16:05:42', '::1'),
(92, 10, 0, 1, '2023-09-05 16:05:44', '::1'),
(93, 10, 0, 1, '2023-09-05 16:06:04', '::1'),
(94, 4, 0, 1, '2023-09-05 16:17:33', '::1'),
(95, 4, 1, 0, '2023-09-05 16:17:36', '::1'),
(96, 1, 1, 0, '2023-09-05 16:31:48', '::1'),
(97, 4, 1, 0, '2023-09-05 17:28:26', '::1'),
(98, 4, 0, 1, '2023-09-05 17:28:27', '::1'),
(99, 2, 0, 1, '2023-09-05 18:53:13', '::1'),
(100, 4, 0, 1, '2023-09-06 00:53:57', '::1'),
(101, 4, 0, 1, '2023-09-06 18:46:43', '::1'),
(102, 4, 0, 1, '2023-09-06 18:47:58', '::1'),
(103, 1, 0, 1, '2023-09-06 19:39:26', '::1'),
(104, 1, 0, 1, '2023-09-06 19:39:31', '::1'),
(105, 1, 1, 0, '2023-09-06 19:39:35', '::1'),
(106, 1, 1, 0, '2023-09-06 19:40:10', '::1'),
(107, 1, 0, 1, '2023-09-06 19:40:13', '::1'),
(108, 4, 0, 1, '2023-09-06 19:44:12', '::1'),
(109, 4, 0, 1, '2023-09-06 19:46:32', '::1'),
(110, 4, 1, 0, '2023-09-06 19:46:34', '::1'),
(111, 1, 0, 1, '2023-09-06 19:56:33', '::1'),
(112, 1, 1, 0, '2023-09-06 19:57:55', '::1'),
(113, 1, 1, 0, '2023-09-06 19:58:35', '::1'),
(114, 1, 1, 0, '2023-09-06 19:59:03', '::1'),
(115, 1, 1, 0, '2023-09-06 20:00:04', '::1'),
(116, 1, 1, 0, '2023-09-06 20:00:17', '::1'),
(117, 1, 1, 0, '2023-09-06 20:00:20', '::1'),
(118, 1, 0, 1, '2023-09-06 20:00:24', '::1'),
(119, 1, 1, 0, '2023-09-06 20:00:26', '::1'),
(120, 1, 1, 0, '2023-09-06 20:00:47', '::1'),
(121, 1, 0, 1, '2023-09-06 20:00:54', '::1'),
(122, 1, 1, 0, '2023-09-06 20:02:03', '::1'),
(123, 1, 1, 0, '2023-09-06 20:02:10', '::1'),
(124, 1, 1, 1, '2023-09-06 20:04:15', '::1'),
(125, 1, 1, 1, '2023-09-06 20:04:19', '::1'),
(126, 1, 1, 1, '2023-09-06 20:04:22', '::1'),
(127, 1, 1, 1, '2023-09-06 20:04:24', '::1'),
(128, 1, 1, 1, '2023-09-06 20:04:30', '::1'),
(129, 1, 1, 1, '2023-09-06 20:08:38', '::1'),
(130, 1, 1, 1, '2023-09-06 20:08:41', '::1'),
(131, 1, 1, 1, '2023-09-06 20:10:15', '::1'),
(132, 1, 1, 1, '2023-09-06 20:10:23', '::1'),
(133, 1, 1, 1, '2023-09-06 20:10:26', '::1'),
(134, 1, 1, 1, '2023-09-06 20:10:46', '::1'),
(135, 1, 1, 1, '2023-09-06 20:10:53', '::1'),
(136, 1, 1, 1, '2023-09-06 20:10:55', '::1'),
(137, 1, 1, 1, '2023-09-06 20:10:57', '::1'),
(138, 1, 1, 1, '2023-09-06 20:11:34', '::1'),
(139, 1, 1, 1, '2023-09-06 20:11:51', '::1'),
(140, 1, 1, 1, '2023-09-06 20:11:59', '::1'),
(141, 1, 1, 1, '2023-09-06 20:12:54', '::1'),
(142, 1, 1, 1, '2023-09-06 20:13:55', '::1'),
(143, 1, 1, 1, '2023-09-06 20:14:01', '::1'),
(144, 1, 1, 1, '2023-09-06 20:14:54', '::1'),
(145, 1, 1, 1, '2023-09-06 20:15:18', '::1'),
(146, 1, 1, 1, '2023-09-06 20:16:10', '::1'),
(147, 1, 1, 1, '2023-09-06 20:16:17', '::1'),
(148, 1, 1, 1, '2023-09-06 20:16:42', '::1'),
(149, 1, 1, 1, '2023-09-06 20:16:45', '::1'),
(150, 1, 1, 1, '2023-09-06 20:16:47', '::1'),
(151, 1, 1, 1, '2023-09-06 20:16:59', '::1'),
(152, 1, 1, 1, '2023-09-06 20:17:16', '::1'),
(153, 1, 1, 1, '2023-09-06 20:17:18', '::1'),
(154, 1, 1, 1, '2023-09-06 20:17:20', '::1'),
(155, 1, 1, 1, '2023-09-06 20:17:51', '::1'),
(156, 1, 1, 1, '2023-09-06 20:17:55', '::1'),
(157, 1, 1, 1, '2023-09-06 20:17:57', '::1'),
(158, 1, 1, 0, '2023-09-06 20:22:01', '::1'),
(159, 1, 1, 0, '2023-09-06 20:22:07', '::1'),
(160, 2, 1, 0, '2023-09-06 20:31:05', '::1'),
(161, 2, 0, 1, '2023-09-06 20:31:10', '::1'),
(162, 2, 1, 0, '2023-09-06 20:31:12', '::1'),
(163, 2, 1, 0, '2023-09-06 20:31:44', '::1'),
(164, 2, 0, 1, '2023-09-06 20:31:47', '::1'),
(165, 2, 1, 0, '2023-09-06 20:31:49', '::1'),
(166, 2, 0, 1, '2023-09-06 20:31:51', '::1'),
(167, 2, 1, 0, '2023-09-06 20:32:25', '::1'),
(168, 2, 0, 1, '2023-09-06 20:32:28', '::1'),
(169, 2, 1, 0, '2023-09-06 20:32:54', '::1'),
(170, 2, 0, 1, '2023-09-06 20:32:56', '::1'),
(171, 2, 1, 0, '2023-09-06 20:34:31', '::1'),
(172, 2, 0, 1, '2023-09-06 20:34:33', '::1'),
(173, 2, 1, 0, '2023-09-06 20:35:13', '::1'),
(174, 2, 0, 1, '2023-09-06 20:35:15', '::1'),
(175, 2, 1, 0, '2023-09-06 20:38:25', '::1'),
(176, 2, 0, 1, '2023-09-06 20:38:29', '::1'),
(177, 2, 1, 0, '2023-09-06 20:38:43', '::1'),
(178, 2, 1, 0, '2023-09-06 20:39:39', '::1'),
(179, 2, 1, 0, '2023-09-06 20:39:39', '::1'),
(180, 2, 1, 0, '2023-09-06 20:40:02', '::1'),
(181, 2, 1, 0, '2023-09-06 20:41:06', '::1'),
(182, 2, 0, 1, '2023-09-06 20:41:13', '::1'),
(183, 2, 1, 0, '2023-09-06 20:41:35', '::1'),
(184, 2, 0, 1, '2023-09-06 20:41:37', '::1'),
(185, 2, 1, 0, '2023-09-06 20:42:25', '::1'),
(186, 2, 1, 0, '2023-09-06 20:42:27', '::1'),
(187, 2, 1, 0, '2023-09-06 20:43:22', '::1'),
(188, 2, 1, 0, '2023-09-06 20:43:24', '::1'),
(189, 2, 1, 0, '2023-09-06 20:43:47', '::1'),
(190, 2, 1, 0, '2023-09-06 20:44:51', '::1'),
(191, 2, 0, 1, '2023-09-06 20:44:55', '::1'),
(192, 2, 1, 0, '2023-09-06 20:46:17', '::1'),
(193, 2, 1, 0, '2023-09-06 20:47:28', '::1'),
(194, 2, 0, 1, '2023-09-06 20:47:30', '::1'),
(195, 2, 1, 0, '2023-09-06 20:49:37', '::1'),
(196, 2, 0, 1, '2023-09-06 20:49:39', '::1'),
(197, 1, 1, 0, '2023-09-06 20:50:22', '::1'),
(198, 2, 1, 0, '2023-09-06 20:51:19', '::1'),
(199, 1, 1, 0, '2023-09-06 20:54:26', '::1'),
(200, 1, 0, 1, '2023-09-06 20:56:40', '::1'),
(201, 1, 0, 1, '2023-09-06 20:58:09', '::1'),
(202, 1, 0, 1, '2023-09-06 21:00:38', '::1'),
(203, 1, 1, 0, '2023-09-06 21:01:09', '::1'),
(204, 1, 1, 0, '2023-09-06 21:01:28', '::1'),
(205, 1, 1, 0, '2023-09-06 22:13:17', '::1'),
(206, 1, 1, 0, '2023-09-06 22:16:27', '::1'),
(207, 4, 0, 1, '2023-09-07 00:29:37', '::1'),
(208, 4, 0, 1, '2023-09-07 00:29:41', '::1'),
(209, 4, 0, 1, '2023-09-07 00:29:44', '::1'),
(210, 4, 1, 0, '2023-09-07 00:29:47', '::1'),
(211, 1, 1, 0, '2023-09-07 01:09:47', '::1'),
(212, 1, 1, 0, '2023-09-07 01:14:08', '::1'),
(213, 9, 1, 0, '2023-09-07 01:17:26', '::1'),
(214, 9, 1, 0, '2023-09-07 01:17:36', '::1'),
(215, 9, 0, 1, '2023-09-07 01:17:53', '::1'),
(216, 9, 1, 0, '2023-09-07 01:17:57', '::1'),
(217, 9, 0, 1, '2023-09-07 01:27:09', '::1'),
(218, 9, 0, 1, '2023-09-07 01:27:13', '::1'),
(219, 9, 1, 0, '2023-09-07 01:29:40', '::1'),
(220, 9, 0, 1, '2023-09-07 01:30:34', '::1'),
(221, 9, 0, 1, '2023-09-07 01:32:30', '::1'),
(222, 9, 0, 1, '2023-09-07 01:33:16', '::1'),
(223, 9, 1, 0, '2023-09-07 01:33:20', '::1'),
(224, 9, 0, 1, '2023-09-07 01:35:10', '::1'),
(225, 9, 1, 0, '2023-09-07 01:35:14', '::1'),
(226, 9, 0, 1, '2023-09-07 01:36:30', '::1'),
(227, 9, 1, 0, '2023-09-07 01:36:34', '::1'),
(228, 9, 0, 1, '2023-09-07 01:37:04', '::1'),
(229, 9, 1, 0, '2023-09-07 01:37:07', '::1'),
(230, 9, 0, 1, '2023-09-07 01:37:31', '::1'),
(231, 9, 1, 0, '2023-09-07 01:39:57', '::1'),
(232, 9, 0, 1, '2023-09-07 01:40:00', '::1'),
(233, 4, 1, 0, '2023-09-07 01:58:59', '::1'),
(234, 4, 0, 1, '2023-09-07 01:59:02', '::1'),
(235, 4, 1, 0, '2023-09-07 02:37:20', '::1'),
(236, 4, 0, 1, '2023-09-07 02:37:24', '::1'),
(237, 4, 1, 0, '2023-09-07 02:37:27', '::1'),
(238, 7, 0, 1, '2023-09-07 02:44:14', '::1'),
(239, 7, 0, 1, '2023-09-07 02:44:32', '::1'),
(240, 8, 0, 1, '2023-09-07 02:47:10', '::1'),
(241, 8, 1, 0, '2023-09-07 02:47:13', '::1'),
(242, 8, 1, 0, '2023-09-07 02:49:24', '::1'),
(243, 8, 0, 1, '2023-09-07 02:49:26', '::1'),
(244, 4, 1, 0, '2023-09-07 02:51:14', '::1'),
(245, 4, 0, 1, '2023-09-07 02:51:17', '::1'),
(248, 4, 1, 0, '2023-09-13 12:11:48', '::1'),
(249, 4, 1, 0, '2023-09-13 12:11:54', '::1'),
(250, 4, 1, 0, '2023-09-13 12:12:11', '::1'),
(251, 4, 1, 0, '2023-09-13 12:15:48', '::1'),
(252, 4, 1, 0, '2023-09-13 12:16:01', '::1'),
(253, 4, 1, 0, '2023-09-13 12:16:06', '::1'),
(254, 4, 1, 0, '2023-09-13 12:20:15', '::1'),
(255, 1, 0, 1, '2023-09-13 12:22:03', '::1'),
(256, 4, 1, 0, '2023-09-13 12:22:51', '::1'),
(257, 4, 0, 1, '2023-09-13 12:23:01', '::1'),
(258, 1, 0, 1, '2023-09-13 12:25:03', '::1'),
(260, 1, 1, 0, '2023-09-13 12:29:39', '::1'),
(261, 1, 1, 0, '2023-09-13 12:30:58', '::1'),
(262, 1, 1, 0, '2023-09-13 12:31:07', '::1'),
(263, 1, 0, 1, '2023-09-13 12:31:09', '::1'),
(264, 1, 1, 0, '2023-09-13 12:31:13', '::1'),
(265, 1, 1, 0, '2023-09-13 12:31:27', '::1'),
(266, 1, 0, 1, '2023-09-13 12:31:30', '::1'),
(267, 1, 1, 0, '2023-09-13 12:31:33', '::1'),
(269, 1, 0, 1, '2023-09-13 12:31:44', '::1'),
(270, 1, 0, 0, '2023-09-13 12:32:06', '::1'),
(271, 1, 0, 1, '2023-09-13 12:32:11', '::1'),
(272, 1, 1, 0, '2023-09-13 12:32:15', '::1'),
(273, 1, 0, 1, '2023-09-13 12:32:19', '::1'),
(274, 1, 1, 0, '2023-09-13 12:33:07', '::1'),
(275, 1, 1, 0, '2023-09-13 12:34:56', '::1'),
(276, 1, 1, 0, '2023-09-13 12:41:35', '::1'),
(277, 4, 1, 0, '2023-09-13 12:43:04', '::1'),
(278, 4, 1, 0, '2023-09-13 12:44:07', '::1'),
(279, 4, 1, 0, '2023-09-13 12:45:11', '::1'),
(280, 4, 1, 0, '2023-09-13 12:47:01', '::1'),
(281, 1, 1, 0, '2023-09-13 12:51:23', '::1'),
(282, 1, 1, 0, '2023-09-13 12:51:26', '::1'),
(283, 1, 0, 1, '2023-09-13 12:54:35', '::1'),
(284, 4, 1, 0, '2023-09-13 12:54:45', '::1'),
(285, 4, 0, 1, '2023-09-13 12:54:48', '::1'),
(286, 4, 1, 0, '2023-09-13 12:55:08', '::1'),
(287, 4, 0, 1, '2023-09-13 12:55:10', '::1'),
(288, 4, 1, 0, '2023-09-13 13:51:42', '::1'),
(289, 4, 1, 0, '2023-09-13 13:51:45', '::1'),
(290, 4, 1, 0, '2023-09-13 13:53:08', '::1'),
(291, 4, 1, 0, '2023-09-13 13:54:36', '::1'),
(292, 1, 1, 0, '2023-09-13 15:59:37', '::1'),
(293, 1, 1, 0, '2023-09-13 16:00:05', '::1'),
(294, 1, 1, 0, '2023-09-13 16:00:45', '::1'),
(295, 1, 1, 0, '2023-09-13 16:00:45', '::1'),
(296, 1, 1, 0, '2023-09-13 16:00:46', '::1'),
(297, 1, 1, 0, '2023-09-13 16:00:53', '::1'),
(298, 1, 1, 0, '2023-09-13 16:00:53', '::1'),
(299, 1, 1, 0, '2023-09-13 16:00:57', '::1'),
(300, 1, 1, 0, '2023-09-13 16:00:58', '::1'),
(301, 1, 1, 0, '2023-09-13 16:00:58', '::1'),
(302, 1, 1, 0, '2023-09-13 16:00:58', '::1'),
(303, 1, 1, 0, '2023-09-13 16:01:41', '::1'),
(304, 1, 1, 0, '2023-09-13 16:06:43', '::1'),
(305, 1, 1, 0, '2023-09-13 16:07:11', '::1'),
(306, 1, 1, 0, '2023-09-13 16:12:39', '::1'),
(307, 1, 1, 0, '2023-09-13 16:13:10', '::1'),
(308, 1, 1, 0, '2023-09-13 16:14:29', '::1'),
(317, 1, 1, 0, '2023-09-13 16:18:42', '::1'),
(318, 1, 1, 0, '2023-09-13 16:20:32', '::1'),
(319, 1, 1, 0, '2023-09-13 16:21:05', '::1'),
(320, 1, 1, 0, '2023-09-13 16:21:46', '::1'),
(321, 1, 1, 0, '2023-09-13 16:24:18', '::1'),
(322, 1, 1, 0, '2023-09-13 16:24:22', '::1'),
(323, 1, 1, 0, '2023-09-13 16:25:16', '::1'),
(324, 1, 1, 0, '2023-09-13 16:27:10', '::1'),
(325, 1, 1, 0, '2023-09-13 16:36:14', '::1'),
(326, 1, 1, 0, '2023-09-13 16:37:10', '::1'),
(327, 1, 1, 0, '2023-09-13 17:39:15', '::1'),
(328, 1, 1, 0, '2023-09-13 17:39:29', '::1'),
(329, 1, 0, 1, '2023-09-13 17:39:59', '::1'),
(330, 1, 1, 0, '2023-09-13 17:40:42', '::1'),
(331, 1, 0, 1, '2023-09-13 17:41:05', '::1'),
(332, 1, 0, 1, '2023-09-13 17:43:22', '::1'),
(333, 1, 0, 1, '2023-09-13 17:44:31', '::1'),
(334, 1, 1, 0, '2023-09-13 17:44:54', '::1'),
(335, 1, 1, 0, '2023-09-13 19:40:34', '::1'),
(336, 1, 1, 0, '2023-09-13 19:42:30', '::1'),
(337, 1, 1, 0, '2023-09-13 19:44:21', '::1'),
(338, 1, 0, 1, '2023-09-13 19:44:21', '::1'),
(339, 1, 1, 0, '2023-09-13 19:44:21', '::1'),
(340, 1, 0, 1, '2023-09-13 19:44:21', '::1'),
(341, 1, 1, 0, '2023-09-13 19:44:22', '::1'),
(342, 1, 0, 1, '2023-09-13 19:44:22', '::1'),
(343, 1, 1, 0, '2023-09-13 19:44:22', '::1'),
(344, 1, 0, 1, '2023-09-13 19:44:22', '::1'),
(345, 1, 1, 0, '2023-09-13 19:44:23', '::1'),
(346, 1, 0, 1, '2023-09-13 19:44:23', '::1'),
(347, 1, 1, 0, '2023-09-13 19:44:23', '::1'),
(348, 1, 0, 1, '2023-09-13 19:44:23', '::1'),
(349, 1, 1, 0, '2023-09-13 19:44:23', '::1'),
(350, 1, 0, 1, '2023-09-13 19:44:23', '::1'),
(351, 1, 1, 0, '2023-09-13 19:44:23', '::1'),
(352, 1, 0, 1, '2023-09-13 19:44:23', '::1'),
(353, 1, 1, 0, '2023-09-13 19:44:24', '::1'),
(354, 1, 0, 1, '2023-09-13 19:44:24', '::1'),
(355, 1, 1, 0, '2023-09-13 19:44:24', '::1'),
(356, 1, 0, 1, '2023-09-13 19:44:24', '::1'),
(357, 1, 1, 0, '2023-09-13 19:44:24', '::1'),
(358, 1, 0, 1, '2023-09-13 19:44:24', '::1'),
(359, 1, 1, 0, '2023-09-13 19:44:25', '::1'),
(360, 1, 0, 1, '2023-09-13 19:44:25', '::1'),
(361, 1, 1, 0, '2023-09-13 19:44:25', '::1'),
(362, 1, 0, 1, '2023-09-13 19:44:25', '::1'),
(363, 1, 1, 0, '2023-09-13 19:44:25', '::1'),
(364, 1, 0, 1, '2023-09-13 19:44:25', '::1'),
(365, 1, 1, 0, '2023-09-13 19:44:36', '::1'),
(366, 1, 0, 1, '2023-09-13 19:44:36', '::1'),
(367, 1, 1, 0, '2023-09-13 19:44:48', '::1'),
(368, 1, 0, 1, '2023-09-13 19:44:48', '::1'),
(369, 1, 1, 0, '2023-09-13 19:44:48', '::1'),
(370, 1, 0, 1, '2023-09-13 19:44:48', '::1'),
(371, 1, 1, 0, '2023-09-13 19:44:49', '::1'),
(372, 1, 0, 1, '2023-09-13 19:44:49', '::1'),
(373, 1, 1, 0, '2023-09-13 19:45:06', '::1'),
(374, 1, 0, 1, '2023-09-13 19:45:06', '::1'),
(375, 1, 1, 0, '2023-09-13 19:45:07', '::1'),
(376, 1, 0, 1, '2023-09-13 19:45:07', '::1'),
(377, 1, 1, 0, '2023-09-13 19:45:07', '::1'),
(378, 1, 0, 1, '2023-09-13 19:45:07', '::1'),
(379, 1, 1, 0, '2023-09-13 19:45:35', '::1'),
(380, 1, 0, 1, '2023-09-13 19:45:35', '::1'),
(381, 1, 1, 0, '2023-09-13 19:45:39', '::1'),
(382, 1, 0, 1, '2023-09-13 19:45:39', '::1'),
(383, 1, 1, 0, '2023-09-13 19:46:22', '::1'),
(384, 1, 0, 1, '2023-09-13 19:46:22', '::1'),
(385, 1, 1, 0, '2023-09-13 19:46:50', '::1'),
(386, 1, 0, 1, '2023-09-13 19:46:50', '::1'),
(387, 1, 1, 0, '2023-09-13 19:46:55', '::1'),
(388, 1, 0, 1, '2023-09-13 19:46:55', '::1'),
(389, 1, 0, 1, '2023-09-13 19:48:29', '::1'),
(390, 1, 1, 0, '2023-09-13 19:48:31', '::1'),
(391, 1, 1, 0, '2023-09-13 19:48:57', '::1'),
(392, 1, 0, 1, '2023-09-13 19:48:57', '::1'),
(393, 1, 1, 0, '2023-09-13 19:48:58', '::1'),
(394, 1, 0, 1, '2023-09-13 19:48:58', '::1'),
(395, 1, 1, 0, '2023-09-13 19:49:03', '::1'),
(396, 1, 0, 1, '2023-09-13 19:49:03', '::1'),
(397, 1, 1, 0, '2023-09-13 19:49:06', '::1'),
(398, 1, 0, 1, '2023-09-13 19:49:06', '::1'),
(399, 1, 1, 0, '2023-09-13 19:57:45', '::1'),
(400, 1, 0, 1, '2023-09-13 19:57:45', '::1'),
(401, 1, 1, 0, '2023-09-13 19:58:36', '::1'),
(402, 1, 0, 1, '2023-09-13 19:58:36', '::1'),
(403, 1, 1, 0, '2023-09-13 19:59:13', '::1'),
(404, 1, 0, 1, '2023-09-13 19:59:13', '::1'),
(405, 1, 1, 0, '2023-09-13 19:59:16', '::1'),
(406, 1, 0, 1, '2023-09-13 19:59:16', '::1'),
(407, 1, 1, 0, '2023-09-13 20:00:11', '::1'),
(408, 1, 0, 1, '2023-09-13 20:00:11', '::1'),
(409, 1, 1, 0, '2023-09-13 20:00:29', '::1'),
(410, 1, 0, 1, '2023-09-13 20:00:29', '::1'),
(411, 1, 1, 0, '2023-09-13 20:00:46', '::1'),
(412, 1, 0, 1, '2023-09-13 20:00:46', '::1'),
(413, 1, 1, 0, '2023-09-13 20:01:14', '::1'),
(414, 1, 0, 1, '2023-09-13 20:01:14', '::1'),
(415, 1, 1, 0, '2023-09-13 20:02:07', '::1'),
(416, 1, 0, 1, '2023-09-13 20:02:07', '::1'),
(417, 1, 1, 0, '2023-09-13 20:03:21', '::1'),
(418, 1, 0, 1, '2023-09-13 20:03:21', '::1'),
(419, 1, 1, 0, '2023-09-13 20:04:26', '::1'),
(420, 1, 0, 1, '2023-09-13 20:04:26', '::1'),
(421, 1, 1, 0, '2023-09-13 20:04:49', '::1'),
(422, 1, 0, 1, '2023-09-13 20:04:49', '::1'),
(423, 1, 1, 0, '2023-09-13 20:05:23', '::1'),
(424, 1, 1, 0, '2023-09-13 20:06:23', '::1'),
(425, 1, 1, 0, '2023-09-13 20:09:26', '::1'),
(426, 1, 1, 0, '2023-09-13 20:09:29', '::1'),
(427, 1, 1, 0, '2023-09-13 20:09:35', '::1'),
(428, 1, 1, 0, '2023-09-13 20:15:35', '::1'),
(429, 1, 1, 0, '2023-09-13 20:17:14', '::1'),
(430, 1, 1, 0, '2023-09-13 20:18:13', '::1'),
(431, 1, 1, 0, '2023-09-13 20:22:41', '::1'),
(432, 1, 1, 0, '2023-09-13 20:26:21', '::1'),
(433, 1, 1, 0, '2023-09-13 20:30:25', '::1'),
(434, 1, 1, 0, '2023-09-13 20:31:26', '::1'),
(435, 1, 1, 0, '2023-09-13 20:39:02', '::1'),
(436, 1, 0, 1, '2023-09-13 20:39:32', '::1'),
(437, 1, 1, 0, '2023-09-13 20:39:35', '::1'),
(438, 1, 0, 1, '2023-09-13 20:39:38', '::1'),
(439, 1, 0, 1, '2023-09-13 20:39:57', '::1'),
(440, 1, 1, 0, '2023-09-13 20:39:59', '::1'),
(441, 1, 0, 1, '2023-09-13 20:40:18', '::1'),
(442, 1, 1, 0, '2023-09-13 20:40:19', '::1'),
(443, 1, 0, 1, '2023-09-13 20:40:20', '::1'),
(444, 1, 1, 0, '2023-09-13 20:40:21', '::1'),
(445, 1, 0, 1, '2023-09-13 20:45:42', '::1'),
(446, 1, 0, 1, '2023-09-13 20:45:43', '::1'),
(447, 1, 1, 0, '2023-09-13 20:45:44', '::1'),
(448, 1, 0, 1, '2023-09-13 20:46:43', '::1'),
(449, 1, 1, 0, '2023-09-13 20:46:44', '::1'),
(450, 1, 0, 1, '2023-09-13 20:46:45', '::1'),
(451, 1, 0, 1, '2023-09-13 20:47:04', '::1'),
(452, 1, 1, 0, '2023-09-13 20:47:05', '::1'),
(453, 1, 0, 1, '2023-09-13 20:47:27', '::1'),
(454, 1, 1, 0, '2023-09-13 20:47:28', '::1'),
(455, 1, 1, 0, '2023-09-13 20:47:29', '::1'),
(456, 1, 0, 1, '2023-09-13 20:47:30', '::1'),
(457, 1, 1, 0, '2023-09-13 20:49:05', '::1'),
(458, 1, 0, 1, '2023-09-13 20:49:42', '::1'),
(459, 1, 1, 0, '2023-09-13 20:49:43', '::1'),
(460, 1, 1, 0, '2023-09-13 20:50:47', '::1'),
(461, 1, 0, 1, '2023-09-13 20:50:49', '::1'),
(462, 1, 0, 1, '2023-09-13 20:50:51', '::1'),
(463, 1, 0, 1, '2023-09-13 20:51:14', '::1'),
(464, 1, 1, 0, '2023-09-13 20:51:15', '::1'),
(465, 1, 0, 1, '2023-09-14 12:37:14', '::1'),
(466, 1, 1, 0, '2023-09-14 12:48:45', '::1'),
(467, 1, 0, 1, '2023-09-14 12:58:16', '::1'),
(468, 1, 1, 0, '2023-09-14 12:59:14', '::1'),
(469, 1, 0, 1, '2023-09-14 12:59:16', '::1'),
(470, 1, 1, 0, '2023-09-14 12:59:18', '::1'),
(471, 1, 0, 1, '2023-09-14 13:01:51', '::1'),
(472, 1, 0, 1, '2023-09-14 13:06:39', '::1'),
(473, 1, 0, 1, '2023-09-14 13:15:09', '::1'),
(474, 1, 1, 0, '2023-09-14 13:15:10', '::1'),
(475, 1, 0, 1, '2023-09-14 13:15:12', '::1'),
(476, 1, 1, 0, '2023-09-14 13:15:26', '::1'),
(477, 1, 0, 1, '2023-09-14 13:15:29', '::1'),
(478, 1, 1, 0, '2023-09-14 13:15:34', '::1'),
(479, 2, 0, 1, '2023-09-14 13:15:39', '::1'),
(480, 2, 1, 0, '2023-09-14 13:15:40', '::1'),
(481, 2, 1, 0, '2023-09-14 13:16:05', '::1'),
(482, 2, 0, 1, '2023-09-14 13:16:07', '::1'),
(483, 3, 0, 1, '2023-09-14 13:16:36', '::1'),
(484, 3, 1, 0, '2023-09-14 13:16:37', '::1'),
(485, 3, 1, 0, '2023-09-14 13:17:03', '::1'),
(486, 3, 0, 1, '2023-09-14 13:17:06', '::1'),
(487, 3, 0, 1, '2023-09-14 13:17:07', '::1'),
(488, 3, 0, 1, '2023-09-14 13:17:12', '::1'),
(489, 3, 0, 1, '2023-09-14 13:19:28', '::1'),
(490, 3, 0, 1, '2023-09-14 13:19:29', '::1'),
(491, 3, 1, 0, '2023-09-14 13:19:30', '::1'),
(492, 3, 0, 1, '2023-09-14 13:19:44', '::1'),
(493, 3, 1, 0, '2023-09-14 13:19:47', '::1'),
(494, 3, 0, 1, '2023-09-14 13:21:04', '::1'),
(495, 3, 1, 0, '2023-09-14 13:21:06', '::1'),
(496, 3, 0, 1, '2023-09-14 13:22:43', '::1'),
(497, 3, 1, 0, '2023-09-14 13:22:46', '::1'),
(498, 3, 0, 1, '2023-09-14 13:22:48', '::1'),
(499, 3, 0, 1, '2023-09-14 13:23:40', '::1'),
(500, 3, 1, 0, '2023-09-14 13:23:43', '::1'),
(501, 3, 0, 1, '2023-09-14 13:23:57', '::1'),
(502, 3, 1, 0, '2023-09-14 13:23:59', '::1'),
(503, 3, 0, 1, '2023-09-14 13:24:00', '::1'),
(504, 3, 1, 0, '2023-09-14 13:24:02', '::1'),
(505, 3, 1, 0, '2023-09-14 13:25:38', '::1'),
(506, 3, 0, 1, '2023-09-14 13:25:39', '::1'),
(507, 6, 0, 1, '2023-09-14 13:25:46', '::1'),
(508, 6, 1, 0, '2023-09-14 13:27:24', '::1'),
(509, 6, 0, 1, '2023-09-14 13:27:26', '::1'),
(510, 6, 1, 0, '2023-09-14 13:28:03', '::1'),
(511, 6, 0, 1, '2023-09-14 13:28:04', '::1'),
(512, 6, 1, 0, '2023-09-14 13:28:08', '::1'),
(513, 6, 0, 1, '2023-09-14 13:28:12', '::1'),
(514, 7, 0, 1, '2023-09-14 13:29:16', '::1'),
(515, 7, 1, 0, '2023-09-14 13:29:18', '::1'),
(516, 7, 0, 1, '2023-09-14 13:31:31', '::1'),
(517, 7, 0, 1, '2023-09-14 13:31:43', '::1'),
(518, 7, 0, 1, '2023-09-14 13:31:44', '::1'),
(519, 7, 0, 1, '2023-09-14 13:31:45', '::1'),
(520, 7, 0, 1, '2023-09-14 13:32:51', '::1'),
(521, 7, 0, 1, '2023-09-14 13:32:54', '::1'),
(522, 7, 0, 1, '2023-09-14 13:33:32', '::1'),
(523, 7, 0, 1, '2023-09-14 13:33:33', '::1'),
(524, 7, 0, 1, '2023-09-14 13:33:34', '::1'),
(525, 7, 0, 1, '2023-09-14 13:33:35', '::1'),
(526, 7, 0, 1, '2023-09-14 13:34:52', '::1'),
(527, 7, 0, 1, '2023-09-14 13:35:20', '::1'),
(528, 7, 0, 1, '2023-09-14 13:35:22', '::1'),
(529, 7, 0, 1, '2023-09-14 13:35:26', '::1'),
(530, 7, 0, 1, '2023-09-14 13:35:55', '::1'),
(531, 7, 0, 1, '2023-09-14 13:37:20', '::1'),
(532, 7, 0, 1, '2023-09-14 13:38:33', '::1'),
(533, 7, 0, 1, '2023-09-14 13:38:43', '::1'),
(534, 7, 0, 1, '2023-09-14 13:39:11', '::1'),
(535, 5, 0, 1, '2023-09-14 15:15:15', '::1'),
(536, 5, 1, 0, '2023-09-14 15:15:16', '::1'),
(537, 5, 0, 1, '2023-09-14 15:15:20', '::1'),
(538, 5, 0, 1, '2023-09-15 12:44:07', '::1'),
(539, 5, 1, 0, '2023-09-15 12:44:08', '::1'),
(540, 4, 1, 0, '2023-09-15 12:56:42', '::1'),
(541, 4, 1, 0, '2023-09-15 12:56:53', '::1'),
(542, 4, 0, 1, '2023-09-15 12:57:04', '::1'),
(543, 4, 1, 0, '2023-09-15 12:57:05', '::1'),
(544, 4, 1, 0, '2023-09-15 12:58:25', '::1'),
(545, 4, 1, 0, '2023-09-15 12:58:26', '::1'),
(546, 4, 1, 0, '2023-09-15 12:58:27', '::1'),
(547, 4, 0, 1, '2023-09-15 12:58:40', '::1'),
(548, 4, 0, 1, '2023-09-15 12:58:43', '::1'),
(549, 4, 0, 1, '2023-09-15 12:59:39', '::1'),
(550, 4, 1, 0, '2023-09-15 12:59:41', '::1'),
(551, 4, 0, 1, '2023-09-15 13:01:26', '::1'),
(552, 4, 0, 1, '2023-09-15 13:03:01', '::1'),
(553, 4, 0, 1, '2023-09-15 13:08:34', '::1'),
(554, 4, 1, 0, '2023-09-15 13:08:50', '::1'),
(555, 4, 1, 0, '2023-09-15 13:10:10', '::1'),
(556, 4, 0, 1, '2023-09-15 13:10:56', '::1'),
(557, 4, 1, 0, '2023-09-15 13:10:57', '::1'),
(558, 5, 1, 0, '2023-09-15 13:10:59', '::1'),
(559, 5, 0, 1, '2023-09-15 13:11:01', '::1'),
(560, 5, 0, 1, '2023-09-15 13:11:03', '::1'),
(561, 5, 1, 0, '2023-09-15 13:13:00', '::1'),
(562, 5, 0, 1, '2023-09-15 13:13:01', '::1'),
(563, 5, 1, 0, '2023-09-15 13:13:58', '::1'),
(564, 5, 0, 1, '2023-09-15 13:13:59', '::1'),
(565, 5, 0, 1, '2023-09-15 13:14:20', '::1'),
(566, 5, 1, 0, '2023-09-15 13:14:28', '::1'),
(567, 5, 1, 0, '2023-09-15 13:14:29', '::1'),
(568, 5, 0, 1, '2023-09-15 13:16:22', '::1'),
(569, 5, 1, 0, '2023-09-15 13:16:24', '::1'),
(570, 5, 1, 0, '2023-09-15 13:16:53', '::1'),
(571, 5, 0, 1, '2023-09-15 13:16:55', '::1'),
(572, 5, 1, 0, '2023-09-15 13:18:27', '::1'),
(573, 5, 1, 0, '2023-09-15 13:18:29', '::1'),
(574, 5, 0, 1, '2023-09-15 13:18:31', '::1'),
(575, 5, 1, 0, '2023-09-15 13:18:35', '::1'),
(576, 5, 1, 0, '2023-09-15 13:18:40', '::1'),
(577, 5, 0, 1, '2023-09-15 13:20:01', '::1'),
(578, 5, 1, 0, '2023-09-15 13:26:16', '::1'),
(579, 5, 0, 1, '2023-09-15 13:26:18', '::1'),
(580, 3, 0, 1, '2023-09-15 14:30:31', '::1'),
(581, 3, 1, 0, '2023-09-15 14:30:32', '::1'),
(582, 3, 0, 1, '2023-09-15 14:30:38', '::1'),
(583, 3, 0, 1, '2023-09-15 14:34:00', '::1'),
(584, 3, 1, 0, '2023-09-15 14:34:01', '::1'),
(585, 3, 0, 1, '2023-09-15 14:34:49', '::1'),
(586, 3, 1, 0, '2023-09-15 14:34:51', '::1'),
(587, 3, 1, 0, '2023-09-15 14:40:47', '::1'),
(588, 3, 0, 1, '2023-09-15 14:40:50', '::1'),
(589, 3, 0, 1, '2023-09-15 14:40:51', '::1'),
(590, 3, 0, 1, '2023-09-15 14:44:33', '::1'),
(591, 3, 1, 0, '2023-09-15 14:44:35', '::1'),
(592, 3, 1, 0, '2023-09-15 14:45:57', '::1'),
(593, 3, 0, 1, '2023-09-15 14:45:59', '::1'),
(594, 3, 0, 1, '2023-09-15 14:47:26', '::1'),
(595, 3, 1, 0, '2023-09-15 14:47:31', '::1'),
(596, 3, 0, 1, '2023-09-15 14:48:00', '::1'),
(597, 3, 1, 0, '2023-09-15 14:48:02', '::1'),
(598, 7, 1, 0, '2023-09-15 15:45:31', '::1'),
(599, 7, 0, 1, '2023-09-15 15:45:36', '::1'),
(600, 10, 1, 0, '2023-09-15 15:45:51', '::1'),
(601, 10, 0, 1, '2023-09-15 15:45:54', '::1'),
(602, 7, 1, 0, '2023-09-15 15:46:03', '::1'),
(603, 7, 1, 0, '2023-09-15 15:46:13', '::1'),
(604, 10, 0, 1, '2023-09-15 15:46:40', '::1'),
(605, 10, 1, 0, '2023-09-15 15:46:42', '::1'),
(606, 7, 1, 0, '2023-09-15 15:54:39', '::1'),
(607, 1, 1, 0, '2023-09-15 17:57:17', '::1'),
(608, 1, 0, 1, '2023-09-15 17:57:19', '::1'),
(609, 5, 1, 0, '2023-09-17 16:12:58', '::1'),
(610, 5, 1, 0, '2023-09-17 16:13:09', '::1'),
(611, 5, 1, 0, '2023-09-17 16:13:12', '::1'),
(612, 5, 1, 0, '2023-09-17 16:21:38', '::1'),
(613, 5, 1, 0, '2023-09-17 16:23:25', '::1'),
(614, 5, 1, 0, '2023-09-17 16:23:55', '::1'),
(615, 5, 1, 0, '2023-09-17 16:23:57', '::1'),
(616, 5, 1, 0, '2023-09-17 16:24:03', '::1'),
(617, 5, 1, 0, '2023-09-17 16:24:04', '::1'),
(618, 5, 1, 0, '2023-09-17 16:24:04', '::1'),
(619, 5, 1, 0, '2023-09-17 16:24:05', '::1'),
(620, 5, 1, 0, '2023-09-17 16:24:05', '::1'),
(621, 5, 1, 0, '2023-09-17 16:24:05', '::1'),
(622, 5, 1, 0, '2023-09-17 16:24:05', '::1'),
(623, 5, 1, 0, '2023-09-17 16:24:05', '::1'),
(624, 5, 1, 0, '2023-09-17 16:24:05', '::1'),
(625, 5, 1, 0, '2023-09-17 16:24:06', '::1'),
(626, 5, 1, 0, '2023-09-17 16:24:07', '::1'),
(627, 5, 1, 0, '2023-09-17 16:24:07', '::1'),
(628, 5, 1, 0, '2023-09-17 16:24:07', '::1'),
(629, 5, 1, 0, '2023-09-17 16:24:07', '::1'),
(630, 5, 1, 0, '2023-09-17 16:24:08', '::1'),
(631, 5, 1, 0, '2023-09-17 16:24:08', '::1'),
(632, 5, 1, 0, '2023-09-17 16:24:08', '::1'),
(633, 5, 1, 0, '2023-09-17 16:24:09', '::1'),
(634, 5, 1, 0, '2023-09-17 16:24:09', '::1'),
(635, 5, 1, 0, '2023-09-17 16:24:10', '::1'),
(636, 5, 1, 0, '2023-09-17 16:25:00', '::1'),
(637, 5, 1, 0, '2023-09-17 16:26:03', '::1'),
(638, 1, 1, 0, '2023-09-18 14:03:54', '::1'),
(639, 1, 1, 0, '2023-09-18 14:03:56', '::1'),
(640, 1, 1, 0, '2023-09-18 14:03:57', '::1'),
(641, 3, 0, 1, '2023-09-18 14:21:51', '::1'),
(642, 1, 1, 0, '2023-09-18 14:24:43', '::1'),
(643, 1, 0, 1, '2023-09-18 14:24:43', '::1'),
(644, 1, 1, 0, '2023-09-18 14:24:44', '::1'),
(645, 1, 0, 1, '2023-09-18 14:24:45', '::1'),
(646, 1, 1, 0, '2023-09-18 14:27:38', '::1'),
(647, 2, 1, 0, '2023-09-18 15:14:07', '::1'),
(648, 2, 1, 0, '2023-09-18 15:14:09', '::1'),
(649, 2, 1, 0, '2023-09-18 15:14:18', '::1'),
(650, 2, 1, 0, '2023-09-18 15:14:22', '::1'),
(651, 2, 0, 1, '2023-09-18 15:14:32', '::1'),
(652, 2, 0, 1, '2023-09-18 15:14:43', '::1'),
(653, 2, 1, 0, '2023-09-18 15:16:04', '::1'),
(654, 2, 0, 1, '2023-09-18 15:16:06', '::1'),
(655, 3, 1, 0, '2023-09-18 15:16:16', '::1'),
(656, 3, 0, 1, '2023-09-18 15:16:17', '::1'),
(657, 3, 1, 0, '2023-09-18 15:16:22', '::1'),
(658, 3, 0, 1, '2023-09-18 15:16:24', '::1'),
(659, 3, 1, 0, '2023-09-18 15:17:54', '::1'),
(660, 3, 0, 1, '2023-09-18 15:17:54', '::1'),
(661, 3, 1, 0, '2023-09-18 15:18:35', '::1'),
(662, 3, 0, 1, '2023-09-18 15:18:35', '::1'),
(663, 3, 1, 0, '2023-09-18 15:23:15', '::1'),
(664, 3, 1, 0, '2023-09-18 15:25:16', '::1'),
(665, 2, 1, 0, '2023-09-18 15:25:39', '::1'),
(666, 2, 0, 1, '2023-09-18 15:25:39', '::1'),
(667, 2, 1, 0, '2023-09-18 15:28:35', '::1'),
(668, 2, 0, 1, '2023-09-18 15:28:35', '::1'),
(669, 2, 0, 1, '2023-09-18 15:32:19', '::1'),
(670, 2, 1, 0, '2023-09-18 15:39:00', '::1'),
(671, 2, 0, 1, '2023-09-18 15:39:01', '::1'),
(672, 2, 1, 0, '2023-09-18 15:39:02', '::1'),
(673, 2, 0, 1, '2023-09-18 15:39:02', '::1'),
(674, 2, 0, 1, '2023-09-18 15:39:12', '::1'),
(675, 2, 1, 0, '2023-09-18 15:39:15', '::1'),
(676, 2, 0, 1, '2023-09-18 15:39:58', '::1'),
(677, 2, 1, 0, '2023-09-18 15:39:59', '::1'),
(678, 2, 1, 0, '2023-09-18 15:40:00', '::1'),
(679, 2, 1, 0, '2023-09-18 15:40:03', '::1'),
(680, 2, 1, 0, '2023-09-18 15:40:06', '::1'),
(681, 2, 1, 0, '2023-09-18 15:40:16', '::1'),
(682, 2, 1, 0, '2023-09-18 15:42:50', '::1'),
(683, 2, 1, 0, '2023-09-18 15:47:59', '::1'),
(684, 2, 1, 0, '2023-09-18 15:48:04', '::1'),
(685, 2, 1, 0, '2023-09-18 15:48:08', '::1'),
(686, 2, 0, 1, '2023-09-18 15:50:01', '::1'),
(687, 2, 0, 1, '2023-09-18 15:50:21', '::1'),
(688, 2, 0, 1, '2023-09-18 15:50:30', '::1'),
(689, 2, 0, 1, '2023-09-18 15:50:40', '::1'),
(690, 2, 0, 1, '2023-09-18 15:50:56', '::1'),
(691, 3, 0, 1, '2023-09-18 15:50:58', '::1'),
(692, 3, 0, 1, '2023-09-18 15:51:04', '::1'),
(693, 2, 0, 1, '2023-09-18 15:52:25', '::1'),
(694, 2, 0, 1, '2023-09-18 15:53:21', '::1'),
(695, 2, 0, 1, '2023-09-18 15:54:15', '::1'),
(696, 2, 0, 1, '2023-09-18 15:54:21', '::1'),
(697, 2, 0, 1, '2023-09-18 15:55:22', '::1'),
(698, 2, 0, 1, '2023-09-18 15:56:00', '::1'),
(699, 2, 1, 0, '2023-09-18 15:58:12', '::1'),
(700, 2, 1, 0, '2023-09-18 15:58:17', '::1'),
(701, 2, 1, 0, '2023-09-18 16:02:55', '::1'),
(702, 2, 0, 1, '2023-09-18 16:03:01', '::1'),
(703, 2, 0, 1, '2023-09-18 16:03:02', '::1'),
(704, 2, 1, 0, '2023-09-18 16:06:15', '::1'),
(705, 2, 0, 1, '2023-09-18 16:06:19', '::1'),
(706, 2, 1, 0, '2023-09-18 16:12:13', '::1'),
(707, 2, 0, 1, '2023-09-18 16:12:14', '::1'),
(708, 2, 1, 0, '2023-09-18 16:12:42', '::1'),
(709, 2, 1, 0, '2023-09-18 16:12:45', '::1'),
(710, 2, 1, 0, '2023-09-18 16:12:59', '::1'),
(711, 2, 1, 0, '2023-09-18 16:13:02', '::1'),
(712, 2, 1, 0, '2023-09-18 16:13:10', '::1'),
(713, 2, 0, 1, '2023-09-18 16:13:18', '::1'),
(714, 2, 1, 0, '2023-09-18 16:14:08', '::1'),
(715, 2, 0, 1, '2023-09-18 16:14:11', '::1'),
(716, 2, 1, 0, '2023-09-18 16:14:14', '::1'),
(717, 2, 0, 1, '2023-09-18 16:14:16', '::1'),
(718, 2, 1, 0, '2023-09-18 16:15:41', '::1'),
(719, 2, 0, 1, '2023-09-18 16:15:43', '::1'),
(720, 2, 1, 0, '2023-09-18 16:41:48', '::1'),
(721, 2, 1, 0, '2023-09-18 16:42:32', '::1'),
(722, 2, 0, 1, '2023-09-18 16:42:36', '::1'),
(723, 2, 0, 1, '2023-09-18 16:42:42', '::1'),
(724, 2, 1, 0, '2023-09-18 16:44:58', '::1'),
(725, 2, 0, 1, '2023-09-18 16:44:59', '::1'),
(726, 2, 1, 0, '2023-09-18 16:45:16', '::1'),
(727, 2, 0, 1, '2023-09-18 16:45:18', '::1'),
(728, 2, 1, 0, '2023-09-18 16:45:55', '::1'),
(729, 2, 0, 1, '2023-09-18 16:45:59', '::1'),
(730, 2, 1, 0, '2023-09-18 16:47:42', '::1'),
(731, 2, 0, 1, '2023-09-18 16:47:43', '::1'),
(732, 2, 1, 0, '2023-09-18 16:47:47', '::1'),
(733, 2, 1, 0, '2023-09-18 16:49:06', '::1'),
(734, 2, 1, 0, '2023-09-18 16:49:07', '::1'),
(735, 2, 0, 1, '2023-09-18 16:49:07', '::1'),
(736, 2, 1, 0, '2023-09-18 16:49:14', '::1'),
(737, 2, 0, 1, '2023-09-18 16:49:15', '::1'),
(738, 2, 1, 0, '2023-09-18 16:50:54', '::1'),
(739, 2, 0, 1, '2023-09-18 16:50:55', '::1'),
(740, 2, 1, 0, '2023-09-18 16:51:44', '::1'),
(741, 2, 0, 1, '2023-09-18 16:51:45', '::1'),
(742, 2, 1, 0, '2023-09-18 16:52:25', '::1'),
(743, 2, 0, 1, '2023-09-18 16:52:26', '::1'),
(744, 2, 1, 0, '2023-09-18 16:54:12', '::1'),
(745, 2, 0, 1, '2023-09-18 16:54:14', '::1'),
(746, 2, 1, 0, '2023-09-18 16:54:17', '::1'),
(747, 2, 1, 0, '2023-09-18 16:57:08', '::1'),
(748, 2, 0, 1, '2023-09-18 16:57:10', '::1'),
(749, 2, 1, 0, '2023-09-18 17:01:01', '::1'),
(750, 2, 0, 1, '2023-09-18 17:01:02', '::1'),
(751, 2, 1, 0, '2023-09-18 17:02:51', '::1'),
(752, 2, 0, 1, '2023-09-18 17:02:52', '::1'),
(753, 2, 1, 0, '2023-09-18 17:03:11', '::1'),
(754, 2, 0, 1, '2023-09-18 17:03:12', '::1'),
(755, 2, 1, 0, '2023-09-18 17:04:24', '::1'),
(756, 2, 1, 0, '2023-09-18 17:04:25', '::1'),
(757, 2, 0, 1, '2023-09-18 17:04:26', '::1'),
(758, 2, 1, 0, '2023-09-18 17:06:16', '::1'),
(759, 2, 0, 1, '2023-09-18 17:06:18', '::1'),
(760, 2, 1, 0, '2023-09-18 17:06:39', '::1'),
(761, 2, 0, 1, '2023-09-18 17:06:40', '::1'),
(762, 2, 0, 1, '2023-09-18 17:06:40', '::1'),
(763, 2, 1, 0, '2023-09-18 17:06:41', '::1'),
(764, 2, 0, 1, '2023-09-18 17:07:28', '::1'),
(765, 2, 1, 0, '2023-09-18 17:08:04', '::1'),
(766, 2, 0, 1, '2023-09-18 17:08:07', '::1'),
(767, 2, 1, 0, '2023-09-18 17:09:47', '::1'),
(768, 2, 0, 1, '2023-09-18 17:09:51', '::1'),
(769, 1, 1, 0, '2023-09-18 18:04:33', '::1'),
(770, 1, 0, 1, '2023-09-18 18:04:34', '::1'),
(771, 1, 1, 0, '2023-09-18 18:24:28', '::1'),
(772, 1, 0, 1, '2023-09-18 18:24:29', '::1'),
(773, 1, 0, 1, '2023-09-18 18:28:56', '::1'),
(774, 1, 1, 0, '2023-09-18 18:28:56', '::1'),
(775, 1, 0, 1, '2023-09-18 18:31:39', '::1'),
(776, 1, 1, 0, '2023-09-18 18:31:39', '::1'),
(777, 1, 1, 0, '2023-09-19 11:49:03', '::1'),
(778, 1, 1, 0, '2023-09-19 11:49:06', '::1'),
(779, 1, 0, 1, '2023-09-19 11:49:07', '::1'),
(780, 2, 1, 0, '2023-09-19 12:49:57', '::1'),
(781, 2, 0, 1, '2023-09-19 12:49:58', '::1'),
(782, 2, 1, 0, '2023-09-19 12:57:21', '::1'),
(783, 2, 1, 0, '2023-09-19 12:57:35', '::1'),
(784, 2, 0, 1, '2023-09-19 12:57:36', '::1'),
(785, 2, 1, 0, '2023-09-19 12:57:37', '::1'),
(786, 2, 0, 1, '2023-09-19 12:57:38', '::1'),
(787, 3, 1, 0, '2023-09-19 12:58:24', '::1'),
(788, 3, 0, 1, '2023-09-19 12:58:25', '::1'),
(789, 3, 1, 0, '2023-09-19 12:58:54', '::1'),
(790, 3, 0, 1, '2023-09-19 12:58:55', '::1'),
(791, 3, 1, 0, '2023-09-19 12:59:45', '::1'),
(792, 3, 0, 1, '2023-09-19 12:59:46', '::1'),
(793, 3, 1, 0, '2023-09-19 13:03:35', '::1'),
(794, 3, 0, 1, '2023-09-19 13:03:35', '::1'),
(795, 3, 0, 1, '2023-09-19 13:03:37', '::1'),
(796, 3, 0, 1, '2023-09-19 13:03:39', '::1'),
(797, 3, 1, 0, '2023-09-19 13:03:41', '::1'),
(798, 3, 1, 0, '2023-09-19 13:05:56', '::1'),
(799, 3, 0, 1, '2023-09-19 13:05:56', '::1'),
(800, 3, 1, 0, '2023-09-19 13:06:00', '::1'),
(801, 3, 0, 1, '2023-09-19 13:06:00', '::1'),
(802, 3, 1, 0, '2023-09-19 13:06:50', '::1'),
(803, 3, 1, 0, '2023-09-19 13:09:34', '::1'),
(804, 3, 0, 1, '2023-09-19 13:09:35', '::1'),
(805, 3, 1, 0, '2023-09-19 13:09:37', '::1'),
(806, 3, 0, 1, '2023-09-19 13:09:37', '::1'),
(807, 7, 1, 0, '2023-09-19 13:44:41', '::1'),
(808, 7, 0, 1, '2023-09-19 13:44:42', '::1');


ALTER TABLE `articles`
  ADD PRIMARY KEY (`id`),
  ADD KEY `fk_author_id` (`author_id`);

ALTER TABLE `authors`
  ADD PRIMARY KEY (`id`);

ALTER TABLE `comments`
  ADD PRIMARY KEY (`id`),
  ADD KEY `fk_article_id_comment` (`article_id`);

ALTER TABLE `reviews`
  ADD PRIMARY KEY (`id`),
  ADD KEY `fk_article_id` (`article_id`);


ALTER TABLE `articles`
  MODIFY `id` int(11) NOT NULL AUTO_INCREMENT, AUTO_INCREMENT=12;

ALTER TABLE `authors`
  MODIFY `id` int(11) NOT NULL AUTO_INCREMENT, AUTO_INCREMENT=13;

ALTER TABLE `comments`
  MODIFY `id` int(11) NOT NULL AUTO_INCREMENT, AUTO_INCREMENT=34;

ALTER TABLE `reviews`
  MODIFY `id` int(11) NOT NULL AUTO_INCREMENT, AUTO_INCREMENT=809;


ALTER TABLE `articles`
  ADD CONSTRAINT `fk_author_id` FOREIGN KEY (`author_id`) REFERENCES `authors` (`id`);

ALTER TABLE `comments`
  ADD CONSTRAINT `fk_article_id_comment` FOREIGN KEY (`article_id`) REFERENCES `articles` (`id`);

ALTER TABLE `reviews`
  ADD CONSTRAINT `fk_article_id` FOREIGN KEY (`article_id`) REFERENCES `articles` (`id`);
COMMIT;
